k,coverage,discrepancy,maximin
300,1.0,0.15086709939082987,0.08521030739949623
